Add to Wishlist,test
FREE SHIPPING,משלוחים חינם
Hot,חם
Hot!,חם!
Hot !,חם!
New,חדש
Categories,קטגוריות
Category,קטגוריה
Home Page,עמוד הבית
NEW ARRIVALS,חדש
Hot Sale,מבצע
Bestseller,בסט-סלר
Featured Products,התכשיטים
Latest Products,הכי חדש
Most Viewed,הכי נצפה
New Products,חדש
Random Products,אקראי
Sale Products,מוצרים בסייל
,
WEEKLY FEATURED,WEEKLY FEATURED
Testimonial,Testimonial
Testimonials,Testimonials
Latest from our blog,Latest from our blog
Our Latest Tweets,Our Latest Tweets
Choose an option,Choose an option
